{
  "title": "调度系统-EasyScheduler",
  "author": "",
  "description": "调度系统",
  "language": "zh-hans",
  "gitbook": "3.2.3",
  "styles": {
    "website": "./styles/website.css"
  },
  "structure": {
    "readme": "README.md"
  },
  "plugins":[
    "expandable-chapters",
    "insert-logo-link"
  ],
  "pluginsConfig": {
    "insert-logo-link": {
      "src": "http://geek.analysys.cn/static/upload/236/2019-03-29/379450b4-7919-4707-877c-4d33300377d4.png",
      "url": "https://github.com/analysys/EasyScheduler"
    }
  }
}